Unnamed: 0,"Jan 1, 2024","Jan 2, 2024","Jan 3, 2024","Jan 4, 2024","Jan 5, 2024","Jan 6, 2024","Jan 7, 2024","Jan 8, 2024","Jan 9, 2024","Jan 10, 2024","Jan 11, 2024","Jan 12, 2024","Jan 13, 2024","Jan 14, 2024","Jan 15, 2024","Jan 16, 2024","Jan 17, 2024","Jan 18, 2024","Jan 19, 2024","Jan 20, 2024","Jan 21, 2024","Jan 22, 2024","Jan 23, 2024","Jan 24, 2024","Jan 25, 2024","Jan 26, 2024","Jan 27, 2024","Jan 28, 2024","Jan 29, 2024","Jan 30, 2024","Jan 31, 2024","Feb 1, 2024","Feb 2, 2024","Feb 3, 2024","Feb 4, 2024","Feb 5, 2024","Feb 6, 2024","Feb 7, 2024","Feb 8, 2024","Feb 9, 2024","Feb 10, 2024","Feb 11, 2024","Feb 12, 2024","Feb 13, 2024","Feb 14, 2024","Feb 15, 2024","Feb 16, 2024","Feb 17, 2024","Feb 18, 2024","Feb 19, 2024","Feb 20, 2024","Feb 21, 2024","Feb 22, 2024","Feb 23, 2024","Feb 24, 2024","Feb 25, 2024","Feb 26, 2024","Feb 27, 2024","Feb 28, 2024","Feb 29, 2024","Mar 1, 2024","Mar 2, 2024","Mar 3, 2024","Mar 4, 2024","Mar 5, 2024","Mar 6, 2024","Mar 7, 2024","Mar 8, 2024","Mar 9, 2024","Mar 10, 2024","Mar 11, 2024","Mar 12, 2024","Mar 13, 2024","Mar 14, 2024","Mar 15, 2024","Mar 16, 2024","Mar 17, 2024","Mar 18, 2024","Mar 19, 2024","Mar 20, 2024","Mar 21, 2024","Mar 22, 2024","Mar 23, 2024","Mar 24, 2024","Mar 25, 2024","Mar 26, 2024","Mar 27, 2024","Mar 28, 2024","Mar 29, 2024","Mar 30, 2024","Mar 31, 2024","Apr 1, 2024","Apr 2, 2024","Apr 3, 2024","Apr 4, 2024","Apr 5, 2024","Apr 6, 2024","Apr 7, 2024","Apr 8, 2024","Apr 9, 2024","Apr 10, 2024","Apr 11, 2024","Apr 12, 2024","Apr 13, 2024","Apr 14, 2024","Apr 15, 2024","Apr 16, 2024","Apr 17, 2024","Apr 18, 2024","Apr 19, 2024","Apr 20, 2024","Apr 21, 2024","Apr 22, 2024","Apr 23, 2024","Apr 24, 2024","Apr 25, 2024","Apr 26, 2024","Apr 27, 2024","Apr 28, 2024","Apr 29, 2024","Apr 30, 2024","May 1, 2024","May 2, 2024","May 3, 2024","May 4, 2024","May 5, 2024","May 6, 2024","May 7, 2024","May 8, 2024","May 9, 2024","May 10, 2024","May 11, 2024","May 12, 2024","May 13, 2024","May 14, 2024","May 15, 2024","May 16, 2024","May 17, 2024","May 18, 2024","May 19, 2024","May 20, 2024","May 21, 2024","May 22, 2024","May 23, 2024","May 24, 2024","May 25, 2024","May 26, 2024","May 27, 2024","May 28, 2024","May 29, 2024","May 30, 2024","May 31, 2024","Jun 1, 2024","Jun 2, 2024","Jun 3, 2024","Jun 4, 2024","Jun 5, 2024","Jun 6, 2024","Jun 7, 2024","Jun 8, 2024","Jun 9, 2024","Jun 10, 2024","Jun 11, 2024","Jun 12, 2024","Jun 13, 2024","Jun 14, 2024","Jun 15, 2024","Jun 16, 2024","Jun 17, 2024","Jun 18, 2024","Jun 19, 2024","Jun 20, 2024","Jun 21, 2024","Jun 22, 2024","Jun 23, 2024","Jun 24, 2024","Jun 25, 2024","Jun 26, 2024","Jun 27, 2024","Jun 28, 2024","Jun 29, 2024","Jun 30, 2024","Jul 1, 2024","Jul 2, 2024","Jul 3, 2024","Jul 4, 2024","Jul 5, 2024","Jul 6, 2024","Jul 7, 2024","Jul 8, 2024","Jul 9, 2024","Jul 10, 2024","Jul 11, 2024","Jul 12, 2024","Jul 13, 2024","Jul 14, 2024","Jul 15, 2024","Jul 16, 2024","Jul 17, 2024","Jul 18, 2024","Jul 19, 2024","Jul 20, 2024","Jul 21, 2024","Jul 22, 2024","Jul 23, 2024","Jul 24, 2024","Jul 25, 2024","Jul 26, 2024","Jul 27, 2024","Jul 28, 2024","Jul 29, 2024","Jul 30, 2024","Jul 31, 2024","Aug 1, 2024","Aug 2, 2024","Aug 3, 2024","Aug 4, 2024","Aug 5, 2024","Aug 6, 2024","Aug 7, 2024","Aug 8, 2024","Aug 9, 2024","Aug 10, 2024","Aug 11, 2024","Aug 12, 2024","Aug 13, 2024","Aug 14, 2024","Aug 15, 2024","Aug 16, 2024","Aug 17, 2024","Aug 18, 2024","Aug 19, 2024","Aug 20, 2024","Aug 21, 2024","Aug 22, 2024","Aug 23, 2024","Aug 24, 2024","Aug 25, 2024","Aug 26, 2024","Aug 27, 2024","Aug 28, 2024","Aug 29, 2024","Aug 30, 2024","Aug 31, 2024","Sep 1, 2024","Sep 2, 2024","Sep 3, 2024","Sep 4, 2024","Sep 5, 2024","Sep 6, 2024","Sep 7, 2024","Sep 8, 2024","Sep 9, 2024","Sep 10, 2024","Sep 11, 2024","Sep 12, 2024","Sep 13, 2024","Sep 14, 2024","Sep 15, 2024","Sep 16, 2024","Sep 17, 2024","Sep 18, 2024","Sep 19, 2024","Sep 20, 2024","Sep 21, 2024","Sep 22, 2024","Sep 23, 2024","Sep 24, 2024","Sep 25, 2024","Sep 26, 2024","Sep 27, 2024","Sep 28, 2024","Sep 29, 2024","Sep 30, 2024","Oct 1, 2024","Oct 2, 2024","Oct 3, 2024","Oct 4, 2024","Oct 5, 2024","Oct 6, 2024","Oct 7, 2024","Oct 8, 2024","Oct 9, 2024","Oct 10, 2024","Oct 11, 2024","Oct 12, 2024","Oct 13, 2024","Oct 14, 2024","Oct 15, 2024","Oct 16, 2024","Oct 17, 2024","Oct 18, 2024","Oct 19, 2024","Oct 20, 2024","Oct 21, 2024","Oct 22, 2024","Oct 23, 2024","Oct 24, 2024","Oct 25, 2024","Oct 26, 2024","Oct 27, 2024","Oct 28, 2024","Oct 29, 2024","Oct 30, 2024","Oct 31, 2024","Nov 1, 2024","Nov 2, 2024","Nov 3, 2024","Nov 4, 2024","Nov 5, 2024","Nov 6, 2024","Nov 7, 2024","Nov 8, 2024","Nov 9, 2024","Nov 10, 2024","Nov 11, 2024","Nov 12, 2024","Nov 13, 2024","Nov 14, 2024","Nov 15, 2024","Nov 16, 2024","Nov 17, 2024","Nov 18, 2024","Nov 19, 2024","Nov 20, 2024","Nov 21, 2024","Nov 22, 2024","Nov 23, 2024","Nov 24, 2024","Nov 25, 2024","Nov 26, 2024","Nov 27, 2024","Nov 28, 2024","Nov 29, 2024","Nov 30, 2024","Dec 1, 2024","Dec 2, 2024","Dec 3, 2024","Dec 4, 2024","Dec 5, 2024","Dec 6, 2024","Dec 7, 2024","Dec 8, 2024","Dec 9, 2024","Dec 10, 2024","Dec 11, 2024","Dec 12, 2024","Dec 13, 2024","Dec 14, 2024","Dec 15, 2024","Dec 16, 2024","Dec 17, 2024","Dec 18, 2024","Dec 19, 2024","Dec 20, 2024","Dec 21, 2024","Dec 22, 2024","Dec 23, 2024","Dec 24, 2024","Dec 25, 2024","Dec 26, 2024","Dec 27, 2024","Dec 28, 2024","Dec 29, 2024","Dec 30, 2024","Dec 31, 2024",Total
OPERATING ACTIVITIES,,,,,,,,,,,,,,,,,,,,,,,,,,,,,,,,,,,,,,,,,,,,,,,,,,,,,,,,,,,,,,,,,,,,,,,,,,,,,,,,,,,,,,,,,,,,,,,,,,,,,,,,,,,,,,,,,,,,,,,,,,,,,,,,,,,,,,,,,,,,,,,,,,,,,,,,,,,,,,,,,,,,,,,,,,,,,,,,,,,,,,,,,,,,,,,,,,,,,,,,,,,,,,,,,,,,,,,,,,,,,,,,,,,,,,,,,,,,,,,,,,,,,,,,,,,,,,,,,,,,,,,,,,,,,,,,,,,,,,,,,,,,,,,,,,,,,,,,,,,,,,,,,,,,,,,,,,,,,,,,,,,,,,,,,,,,,,,,,,,,,,,,,,,,,,,,,,,,,,,,,,,,,,,
   Net Income,-1345.95,-244.85,-62.5,-1304.23,-5840.75,689.66,-521.84,2462.39,653.49,-1272.43,-928.4,-8130.91,-3512.46,-507.36,-274.92,155.1,-532.0,132.2,-1856.45,-400.0,-215.64,-1086.58,-30.18,-2.09,-57.44,-272.98,-552.03,-87.31,-7265.95,310.02,723.42,-815.32,-648.91,-1845.5,-410.12,-98.8,-395.67,-343.51,-867.09,-657.67,-286.27,-954.82,2104.1,3076.81,-1123.48,-3223.46,-1075.12,-1854.83,-111.98,-744.07,-55.5,83.35,-649.08,-1015.33,-62.72,-61.42,-5738.97,-8548.61,-170.45,30283.51,-3270.72,-34.1,-588.46,-2071.29,1259.3,785.18,-6554.21,-231.36,-522.23,-450.81,-2151.06,-15.0,588.37,-1125.72,-4156.25,-680.8,-691.62,223.87,-1752.9,-189.45,-2329.69,606.65,,-62.09,307.5,-18.0,-5098.07,-931.51,-124.6,,26393.84,-6785.03,-1667.43,1081.43,-148.65,-11.37,-246.29,,-114.81,-960.74,-5441.99,-1922.86,403.5,-1038.48,-458.22,-1724.11,-3077.02,-313.87,-447.49,-530.85,-119.14,-665.47,588.31,-66.19,-290.93,-1651.22,-111.0,-3571.67,,-3043.74,28110.69,-5434.07,-2761.34,1774.31,-35.0,-204.12,-5582.6,-240.69,-3787.43,-639.72,-1491.85,-94.86,-34.0,-2265.14,-669.35,-2979.93,-3211.9,-409.0,-1145.41,-833.78,-489.13,1248.92,-541.4,-14.31,-12.09,-7399.16,-58.41,-265.5,1391.91,-1423.03,-1086.32,33912.72,120.32,-277.59,-2111.13,-366.85,3120.06,-1753.81,-1056.11,-228.39,-260.2,1943.83,-595.29,-5028.68,-718.86,-6236.02,-316.99,-60.51,4023.54,163.35,-1709.79,157.71,-481.39,-414.67,-174.75,1614.19,-2264.79,779.48,-1445.24,-1248.24,-863.1,32925.45,-7925.39,-7803.11,1249.82,-422.54,23.4,-118.89,-221.99,5582.3,-913.83,-1582.08,-1277.48,-2882.43,-231.02,-1141.19,-1846.33,-4911.82,-137.19,-1415.89,-391.2,-868.64,,1048.61,-1530.99,-224.3,-26.68,-341.5,-500.94,,-2736.56,-2110.79,25206.78,-7675.18,-1615.52,-203.57,-331.5,1378.08,-266.74,-942.31,-192.79,-1790.01,-265.75,-122.01,-1197.25,-448.13,-1955.33,-800.31,-4828.45,304.91,-817.32,1978.68,1709.5,1295.64,1735.44,3303.14,2287.53,164.09,2115.37,-388.82,-4214.56,-3371.13,-6325.81,36553.68,496.09,99.6,1679.6,4613.13,3361.92,1149.17,986.07,636.49,5315.64,2253.31,3076.07,2392.17,938.9,1506.22,1467.92,-1627.08,3047.69,1171.93,2216.09,2018.1,-912.05,-939.76,1772.79,4186.76,2270.52,-3194.55,446.18,1821.96,395.33,25890.95,-4779.45,550.31,4616.49,4880.51,2560.54,817.5,957.37,4555.18,-1887.64,2702.2,-1097.88,1951.3,2366.55,-233.36,-4720.23,10392.92,1380.62,2337.25,383.3,687.39,1976.77,3853.55,1035.5,1783.61,1563.96,574.68,589.12,-1416.38,2519.48,103.94,57140.09,-14041.23,2269.81,133.71,5737.84,6862.5,-308.92,-1355.16,1214.4,559.55,1289.17,-695.07,2578.87,8421.87,1472.33,-5114.55,837.95,2677.12,1936.68,-318.42,4122.42,1594.4,2604.39,1231.17,637.17,2920.71,1657.5,-6774.89,-214.63,-3928.99,38300.41,1621.58,8123.56,6310.21,1975.95,1241.22,371.66,188.05,822.9,-4463.7,9762.81,4293.51,3663.58,1682.1,2064.52,3082.4,5498.17,11138.47,2097.77,1876.69,7412.4,1337.87,2534.44,5216.9,8660.74,98.14,3354.52,-664.27,1408.1,1225.03,-1031.36,52409.32,
   Adjustments to reconcile Net Income to Net Cash provided by operations:,,,,,,,,,,,,,,,,,,,,,,,,,,,,,,,,,,,,,,,,,,,,,,,,,,,,,,,,,,,,,,,,,,,,,,,,,,,,,,,,,,,,,,,,,,,,,,,,,,,,,,,,,,,,,,,,,,,,,,,,,,,,,,,,,,,,,,,,,,,,,,,,,,,,,,,,,,,,,,,,,,,,,,,,,,,,,,,,,,,,,,,,,,,,,,,,,,,,,,,,,,,,,,,,,,,,,,,,,,,,,,,,,,,,,,,,,,,,,,,,,,,,,,,,,,,,,,,,,,,,,,,,,,,,,,,,,,,,,,,,,,,,,,,,,,,,,,,,,,,,,,,,,,,,,,,,,,,,,,,,,,,,,,,,,,,,,,,,,,,,,,,,,,,,,,,,,,,,,,,,,,,,,,,
      Accounts Receivable,,,,,,,,,,,,,,,,,,,,,,,,,,,,,,,,,,,,,,,,,,,,-2250.0,,,,,250.0,,,,,,,,,,,,,,,,,,,,,,,,250.0,,,,,,,,,,,,,,,,,,,,,,,,,,,,,,,,,,,,,,250.0,,,,,,,,,,,,,,,,,,,,,,,,,,,,,,,,,,,,,,,,,,,,,,,,,,,,,,,,,,,,,,,,,,,,,,,,,,,,,,,,,,,,,,,,,,,,,,,,,,,,,,,,,,,,,,,,,,,,,,,,,,,,,,,,,,,,,,,,,,,,,,,,,,,,,,,,,,,,,,,,,,,,,,,,,,,,,,,,,,,,,,,,,,,,,,,,,,,,,,,,,,,,,,,,,,,,,,,,,,,,,,,,,,,,,,,,,,,,,,,,,,,,,,,,,,,,,,,,
      Credit Card Receivable,,938.2,3946.18,308.66,571.35,,,616.89,2156.53,1548.4,106.61,564.25,,,,344.15,4481.09,363.43,51.3,,,492.3,2720.28,425.06,405.48,625.01,,,464.67,2606.45,-20572.01,507.05,1140.38,,,1754.78,1989.03,735.79,981.37,419.23,,,1597.86,4756.39,414.79,1589.77,681.83,,,,780.56,7735.96,877.92,490.9,,,2404.39,5015.21,1648.66,-37499.78,556.54,,,984.93,6801.09,291.82,1558.96,1868.48,,,143.98,3645.01,685.17,758.97,1554.94,,,92.0,2798.53,1454.14,549.01,1139.31,,,295.09,2028.67,90.13,362.87,737.27,,-29830.6,1309.32,2020.64,270.42,515.54,800.43,,,914.17,2726.33,452.67,1278.23,523.2,401.6,,2355.81,7494.56,774.39,1248.49,900.87,,,352.0,3495.86,843.62,414.13,917.89,,,1346.52,-30390.82,743.65,661.98,1660.98,,,1489.11,5768.75,725.05,959.62,1922.7,,,593.91,7012.45,650.12,1704.3,480.62,,,1168.77,2374.99,1493.74,789.55,530.51,,,,1102.56,4745.18,1241.01,-39820.14,,,1026.94,4308.49,4865.23,2386.8,293.29,,,827.13,4031.35,1450.16,1124.73,1060.96,,,839.36,3240.68,,907.67,2015.09,,,758.18,5541.81,446.52,2052.16,925.74,,-42420.83,1189.63,4727.79,765.05,,532.5,,,723.77,5676.04,828.55,856.22,493.09,,,369.75,4604.79,370.18,266.87,2350.62,,,322.46,5162.1,306.94,606.94,545.47,,,1785.38,4250.28,-33320.17,747.69,862.39,,,1456.31,2374.89,555.56,404.69,376.06,,,539.9,3103.97,559.47,142.85,172.86,,,678.99,2398.26,255.15,969.94,1214.24,,,1162.1,4577.69,2124.6,,404.7,-28409.52,,,868.97,4397.72,822.49,544.88,,,548.4,3369.81,934.09,616.04,776.15,,,1949.92,4003.75,567.53,559.47,1448.44,,,1321.04,3769.48,314.12,529.15,1625.62,,,-31814.73,3934.58,1365.75,2133.51,2989.63,,,1193.77,5459.38,466.34,573.62,796.74,,,,2044.51,9120.49,2375.1,1081.89,,,707.97,4116.02,362.28,410.74,864.52,,,1232.25,1851.93,793.04,-43110.63,1352.45,,,1866.39,4740.76,227.77,397.38,745.39,,,,713.81,3677.41,1604.28,1109.01,,,1258.54,5034.62,1671.25,562.6,2111.1,,,924.43,3212.8,345.92,,935.96,-34175.34,,1984.78,4602.34,2407.02,2249.69,702.74,,,256.22,4277.38,1386.58,1577.25,3211.61,,,2077.36,8192.42,1340.03,1300.07,986.58,,,2083.87,7456.64,,3784.4,1562.73,,,722.39,-50256.43,
      Credit Card Receivables,,,,,,,,,,-50.0,,,,,,,,,,,,,,,,-0.05,,,,,,,,,,,,,,,,,,,,,,,,,,,,,,,,,,,,,,,,,,-0.1,,,,,,,,,,,,,,,,,,,,,,,,,,,,,,,,,,,,,,,,,,,,,,,,,,,,,,,,,,,,,,,,,,,,,,,,,,,,,,,,,,,,,,,,,,,,,,,,,,,,,,,,,,,,,,,,,,,,,,,,,,,,,,,,,,,,,,,,,,,,,,,,,,,,,,,,,,,,,,,,,,,,,,,,,,,,,,,,,,,,,,,,,,,,,,,,,,,,,,,,,,,,,,,,,,,,,,,,,,,,,,,,,,,,,,,,,,,,,,,,,,,,,,,,,,,,,,,,,,,,,,,,,,,,,,,,,,,,,,,,,,,,,,,,,,,,,,,,,,,
      Inventory Asset,,,,,,,,,,,,,,,,,,,,,,,,,,,,,,,17760.51,,,,,,,,,,,,,,,,,,,,,,,,,,,,,3460.96,,,,,,,,,,,,,,,,,,,,,,,,,,,,,,,1179.54,,,,,,,,,,,,,,,,,,,,,,,,,,,,,,2140.52,,,,,,,,,,,,,,,,,,,,,,,,,,,,,,,-1032.87,,,,,,,,,,,,,,,,,,,,,,,,,,,,,,6657.22,,,,,,,,,,,,,,,,,,,,,,,,,,,,,,,1530.45,,,,,,,,,,,,,,,,,,,,,,,,,,,,,,,-8328.45,,,,,,,,,,,,,,,,,,,,,,,,,,,,,,5631.74,,,,,,,,,,,,,,,,,,,,,,,,,,,,,,,-12690.6,,,,,,,,,,,,,,,,,,,,,,,,,,,,,,-6602.73,,,,,,,,,,,,,,,,,,,,,,,,,,,,,,19547.78,-1845.5,
      Prepaid Expenses,,,,,,,,,,,,,,,,,,,,,,,,,,,,,,,,,,,,,,,,,,,,,,,,,,,,,,,,,,,,,,,,,,,,,,,,,,,,,,,,,,,,,,,,,,,,,,,,,,,,,,,,,,,,,,,,,,,,,,,,,,,,,,,,,,,,,,,,,,,,,,,,,,,,,,,,,,,,,,,,,,,,,,,,,,,,,,,,,,,,,,,,,,,,,,,,,,,,,,,,,,,,,,,,,,,,,,,,,,,,,,,,,,,,,,,,,,,,,,,,,,,,,,,,,,,,,,,,,,,,,,,,,,,,,,,,,,,,,,,,,,,,,,,,,,,,,,,,,,,,,,,,,,,,,,,,,,,,,,,,,,,,,,,,,,,,,,,,,,,,,,,,,,,,,,,,,,,,,,,,,,,,,,2734.92,
      11003 BG Blue Amex - GG,1136.95,453.5,62.5,-6466.27,82.24,,317.84,,,1272.43,,2034.0,350.0,,,113.0,,412.75,240.0,,,,,,,,,,1050.14,276.0,19.99,,464.56,1825.5,,-7406.43,285.45,180.0,58.85,211.0,,150.0,,,,,,,,,,,,,,,,,,,19.99,,588.46,-7021.56,-145.04,,,,,392.81,,,,,,,,,,,,,,,,,,,,,19.99,,1667.43,,-1358.09,-30.07,,,,,,288.98,,,,,,,,,,,,,,,10.0,,,,19.99,,1436.26,,35.0,-1657.35,,,,,52.92,,,51.16,,448.01,,,,150.68,,,,,,,,,,,19.99,,431.0,165.21,,-1843.15,-35.11,,,54.0,48.48,,,,198.63,,229.0,,,,,,,,,,,,,,768.49,,491.01,,,-827.65,-26.39,,,,224.3,,,,231.02,912.0,,,,,,61.5,,388.15,,,,,,,19.99,,,,2458.9,,-2059.31,-48.35,,,,,,,,,,,,,,,,,,,,730.95,,,19.99,,,,,,,-4354.71,-88.07,,648.0,,,,,252.03,,,,,,,,,,1809.95,,,307.28,,19.99,,,,,,,-1310.87,-27.98,,,,,,,,,436.9,,,,,,,,162.05,43.2,,99.17,,19.99,,,,,,,,,-2409.05,,,,,,,,,,,,226.13,221.0,,,,,436.34,,,19.99,,,,,,,,-713.53,-15.22,1413.0,997.5,,317.5,,,,,1280.1,112.75,,,,,,,14.5,,,,19.99,,144.0,,,11.5,
      3079 Chase CC - BGG,-39.0,,,,,,,,,,,,,,,,,,,,,,,,,,,,,,,,,,,,,,,,,,,,,,,,,,,,,,,,,,,,,,,,,,,,,,,,,,,,,,,,,,,,,,,,,,,,,,,,,,,,,,,,,,,,,,,,,,,,,,,,,,,,,,,,,,,,,,,,,,,,,,,,,,,,,,,,,,,,,,,,,,,,,,,,,,,,,,,,,,,,,,,,,,,,,,,,,,,,,,,,,,,,,,,,,,,,,,,,,,,,,,,,,,,,,,,,,,,,,,,,,,,,,,,,,,,,,,,,,,,,,,,,,,,,,,,,,,,,,,,,,,,,,,,,,,,,,,,,,,,,,,,,,,,,,,,,,,,,,,,,,,,,,,,,,,,,,,,,,,,,,,,,,,,,,,,,,,,,,,,,,,,,,,
      3656 Chase CC - SEL:Chase Ink #4304 (Jeff),,,,,,,,50.0,,,,,,,,,,,,,,,,,,,,,,,,,,,,,,,50.0,,,,,,,,,,,,,,,,,,,,,,,,,,,,,50.0,,,,,,,,,,,,,,,,,,,,,,,,,,,,,,,,,,,,,,,,,,,,,,,,,,,,,,,,,,,,,,,,,,,,,,,,,,,,,,,,,,272.48,,,,,,,,,,,,,,,22.17,,,,,,,,,,,,,,,,,,,,,,,,,,,,74.42,,,67.52,,,37.63,44.35,13.31,176.22,,,,,,,64.82,,,,,,,,,,,,,,,,,,,,,,,,,,,,,,,,,,,,,,,,,,,,,,,,,,,,,,,,,,,,,,,,,,,,,,,,,,,,,,,,,,,,,,,,,,,,,,,,,,,,,,,,,,,,,,,,,,,,,,,,,,,,,,,,,,,,,,,,,,,,,,,,,,,,,,,,,,,,,,
      3656 Chase CC - SEL:Chase Ink #8502 (Danielle),,,,-1619.47,,,,,,,,,,,,,,,,,,,,,,,,,-50.0,,,,,20.0,,,,,,,,,,,,,,,,,,4.2,4.2,,,,,1618.93,,,,,,,-70.0,,,,,,,,,,,,,,2.0,,,,,,,,,,,,,,-40.0,,,,,,,,,22.03,,,,,,,3.0,,,,,,,,3.0,,,,,,,-500.0,,,,,,,,,19.0,,,,,,,,,,,,,,,,,,,,,,,,-500.0,,,,,,,15.53,,,,,-996.54,,,,,,,,,,,,,,,,,,,,,,,,,,,,4.0,,,6.0,,,,,,,,,,,,,,,,,-488.27,,,,,,,,,,,,,,,,,,,,,,,,,3.0,,,,,,,,,,,,,,,,,,,,,,,,,,,,,,,,,,,,,,,-3.0,,2202.41,,,,,,,,,,,,,,,,,,,,,1.75,,,,,,,,-2204.16,,,,,,,,,,,,,,,,,,,,,,,,,,,,,,,,,,,330.45,330.45,,,,,,,,,,,,,,,,,,,
      4003 Chase Business Credit Line - SEL,,,,,,,204.0,,-2300.0,,,,,,,,,,,,,,,,,,,,,,,,,,,162.43,,,,,,,1500.0,,,,,,0.0,,,,,,,,,,,,2000.0,,,,,,192.39,1000.0,,,,,,,1500.0,,,,,,,,,,,,,,,,,0.0,,,,,231.02,,,,,,,,,,,,,,,,,,,,,,,,,-431.12,,,,,,240.69,,,,,,,,,,,,,,,,,,,,,,,,,,,-438.78,,,230.65,,,,,,,,,,,-2000.0,,,,,,,,,,,,,,,,,,,,221.99,,,,,,,,,,,,,,,-2000.0,,,,,,,,,,,,,,,,203.34,,,,,,,,,,,,-1000.0,,,,,,,,,,,,,,,,,,181.54,,,,,,,,,,,,,,,,,,,,,,,,,-334.21,,,,,,679.82,,,,,,,,,,,,,,,,,,,,,,,,,-335.97,,,,,175.32,,,,,,,,,,,,,,,,,,,,,,,,,-329.91,,,,,,176.09,,,,,,,,,,,,,,,,,,,,,,,,,
      63008 Amex Business Platinum CC - GG,209.0,,0.0,1304.23,71.18,250.34,,250.0,1628.96,,888.71,3621.51,17.43,507.36,,36.46,532.0,,275.43,,,-7458.34,30.18,,,,90.01,,6215.81,56.17,1120.95,697.28,184.35,,345.12,1969.68,,49.49,597.88,335.6,78.73,87.18,15.0,393.27,1116.0,282.36,1161.82,592.09,,489.25,0.0,-13600.36,-136.0,837.97,7.61,,5827.12,670.22,,1372.61,1009.9,,,2154.54,135.99,498.44,6325.82,21.0,253.33,,1707.56,15.0,81.63,927.0,,,,514.18,1354.1,39.0,505.32,-428.0,,10.0,-14986.79,18.0,4705.18,916.63,94.61,,,1960.74,,774.82,140.57,41.44,,,1508.1,951.27,,1535.86,15.0,1038.48,426.06,,,603.0,,,39.0,481.7,,,,1560.0,,96.85,,-18510.83,577.4,763.04,1325.08,,,204.12,49.83,,1261.29,639.72,1613.28,94.86,15.0,2389.56,669.35,463.0,237.32,409.0,,,-15250.46,480.54,141.4,,,1560.0,,,427.95,978.85,1066.33,979.0,61.68,112.38,2054.0,357.38,90.83,2174.01,1056.11,,211.72,507.4,595.29,1483.5,,,,,2110.56,,1026.51,-18968.81,481.39,,,25.0,2255.0,26.1,1003.92,500.0,94.61,,62.15,2218.47,,155.47,2.99,118.89,,288.94,220.1,1730.15,1203.06,2671.12,,55.17,,22.0,,536.87,,,,-16786.49,1412.09,222.21,26.68,341.5,,,2716.57,2110.79,4852.33,987.42,449.38,203.57,,728.27,205.56,1247.43,,1790.01,,70.39,2997.9,448.13,1904.0,,682.65,122.98,,23.22,-15064.25,,,,,,480.6,4233.77,,3848.41,1705.8,578.29,490.23,,,,-11.96,33.01,217.89,,240.01,1682.91,205.14,840.62,15.1,,,,65.0,,-96.33,213.38,553.8,,,,-22189.8,4710.2,3016.01,,94.61,2272.78,4597.84,4306.16,308.0,,2.99,,828.41,1165.98,1197.01,314.79,117.39,1790.2,18.07,1324.83,5816.22,270.0,1414.13,264.0,,,-15430.91,110.0,,,,,,3138.38,94.61,1993.45,22.0,4509.81,424.37,44.34,2918.84,4186.52,495.9,2353.73,,230.58,,1403.52,458.0,22.0,438.02,811.58,,179.63,1475.03,-70.0,-33772.68,,,,,,2285.68,2759.64,214.63,94.61,1820.62,270.28,,470.23,1546.97,529.68,1361.32,,,300.95,306.58,263.57,37.0,487.16,101.62,,256.48,213.91,178.34,516.98,-25359.05,,,379.92,35.79,,39.0,2918.53,,94.61,3672.39,1099.69,
      7001 Chase Business Credit Line - GG,,,,,,,,,,,,,,,,-1319.25,,,658.02,,,,,,,,,,,,,,,,,,,,,,,,,-1306.07,,,,609.74,,,,,,,,,,,,,,,,,,,,,,,,,-1251.31,,,,,,644.92,,,,,,2090.0,,,,,,,,,,,,,,,,,,,-1280.07,,,,,635.02,,,,,,,,,,,,,,,,,,,,,,,,,-1284.72,,,,,,653.1,,,,,,,,,,,,,,,,,,,,,,,,,-1046.3,,,,,625.87,,,,,,,,,,,,,,,,,,,,,,,,,-1512.64,,,,,640.11,,,,,,,,,,,,,,,,,,,,,,,,,,-1270.51,,,,,635.25,4756.0,,,,,,,,,,,,,,,,,,,,,,,,,-1306.91,,,,,653.56,,,,,,,4145.0,,,,,,,,,,,,,,,,,,,,-1318.5,,,,672.09,,,,,,,,,,,,,,,,,,,,,,,,,-1371.83,,,,,646.48,,,,,,,,,,,,,,,,,,,,,,,,,-1339.23,,,,,,651.26,,,,,,,,,,,,,
      73003 Business Platinum CC - SEL,,,,,178.69,,,-1060.76,8.08,,,364.7,1197.18,,274.92,56.19,,,,,215.64,,,2.09,57.44,272.98,163.7,87.31,,39.16,24.28,,,,65.0,13.99,110.22,-4753.41,160.36,111.07,,717.64,18.61,,,,,,104.5,284.7,55.5,103.55,380.88,177.36,55.11,61.42,206.85,10.4,10.45,20.0,73.49,34.1,,60.63,,39.33,-3849.36,160.36,268.9,58.0,62.5,,,,32.81,680.8,691.62,,390.54,150.45,136.12,101.33,,52.09,,,,14.88,,,208.03,,,,8.08,,,-2270.45,160.36,9.47,199.9,63.45,,,32.16,95.26,485.27,396.66,379.93,23.85,261.84,176.29,293.98,66.19,290.93,124.22,152.0,168.03,,54.23,,,,4.24,137.14,,380.28,-2899.93,163.54,,79.3,,,,,,,,,,489.13,65.11,,14.31,12.09,254.52,227.61,265.5,,,,83.59,,,,9.47,347.42,,-3765.34,174.39,,,,12.09,386.06,52.48,87.99,60.51,101.94,26.48,0.28,67.64,,14.67,174.75,2.09,9.79,13.64,,748.28,,,827.4,,68.83,,,,-1815.21,154.07,787.58,147.73,,,64.0,106.5,213.48,478.47,99.56,188.56,299.69,230.92,,192.49,9.79,2.09,,,,,,,,,17.94,,,,61.18,-3872.23,192.79,,,51.62,,,51.33,,38.08,-141.13,220.03,207.29,127.0,656.37,,,11.95,,201.3,323.44,644.88,657.74,86.67,176.64,110.55,121.25,138.02,188.55,25.69,35.47,-2067.66,168.75,476.34,65.42,46.98,5.56,337.25,,,68.99,584.66,170.32,85.39,,,37.17,43.78,2.09,63.32,770.75,,,,78.89,51.19,12.71,,,109.44,,-4780.03,754.57,143.0,,88.0,30.0,63.39,,90.26,197.68,242.92,55.38,294.41,,,41.73,,2.09,,,,465.22,125.56,456.76,,38.04,47.8,,140.0,,55.1,-3087.87,509.12,,,,103.6,181.97,103.79,78.61,53.99,8.77,78.06,-70.0,1453.95,,71.15,,2.09,22.91,51.76,511.8,,344.3,181.54,,52.67,,,232.0,88.0,-3278.27,248.52,458.03,,,468.0,53.46,,78.61,25.0,111.32,,,,,32.57,,22.26,,,584.45,123.06,,11.87,,
      Accrued Interest,,,,,,,,,,,,,,,,,,,,,,,,,,,,,,,,,,,,,,,,,,,,,,,,,,,,,,,,,,,,,,,,,,,,,,,,,,,,,,,,,,,,,,,,,,,,,,,,,,,,,,,,,,,,,,,,,,,,,,,,,,,,,,,,,,,,,,,,,,,,,,,,,,,,,,,,,,,,,,,,,,,,,,,,,,,,,,,,,,,,,,,,,,,,,,,,,,,,,,,,,,,,,,,,,,,,,,,,,,,,,,,,,,,,,,,,,,,,,,,,,,,,,,,,,,,,,,,,,,,,,,,,,,,,,,,,,,,,,,,,,,,,,,,,,,,,,,,,,,,,,,,,,,,,,,,,,,,,,,,,,,,,,,,,,,,,,,,,,,,,,,,,,,,,,,,,,,,,,,,,,,,,,,-2561.93,
      AP Clearing Inventory Purchases,,,,,,,,,,,,,,,,,,,,,,,,,,,,,,,,,,,,,,,,,,,,,,,,,,,,,,,,,,,,,,,,,,,,,,,,,,,,,,,,,,,,,,,,,,,,,,,,,,,,,,,,,,,,,,,,,,,,,,,,,,,,,,,,,,,,,,,,,,,,,,,,,,,,,,,,,,,,,,,,,,,,,,,,,,,,,,,,,,,,,,,,,,,,,,,,,,,,,,,,,,,,,,,,,,,,,,,,,,,,,,,,,,,,,,,,,,,,,,,,,,,,,,,,,,,,,,,,,,,,,,,,,,,,,,,,,,,,,,,,,,,,,,,,,,,,,,,,,,,,,,,,,,,,,,,,,,,,,,,,,,,,,,,,,,,,,,,,,,,,,,,,,,,,,,,,,,,,,,,,,,,,,-19547.78,,
      Direct Deposit Payable,,-2108.98,,,,,,,,,,0.0,,,,,,,,,,,,,,,,,,,,0.0,,,,,,,,,,,,,,0.0,,,,,,,,,,,,,,,0.0,,,,,,,,,,,,,,0.0,,,,,,,,,,,,,,,,,1582.97,-1582.97,,,,,,,,,,,,,1248.33,-1248.33,,,,,,,,,,,,,,,0.0,,,,,,,,,,,,,,0.0,,,,,,,,,,,,,,,,1248.33,,,-1248.33,,,,,,,,,,,0.0,,,,,,,,,,,,,,,,,0.0,,,,,,,,,,,,,,0.0,,,,,,,,,,,,,,,,,0.0,,,,,,,,,,,,,,0.0,,,,,,,,,,,,,,,0.0,,,,,,,,,,,,,,0.0,,,,,,,,,,,,,,,,,,0.0,,,,,,,,,,,,,,0.0,,,,,,,,,,,,,,,,,0.0,,,,,,,,,,,,,,0.0,,,,,,,,,,,,,,0.0,,,,,,,,,,,,,,0.0,,,,,,,,,,,,,,,,,,0.0,
      Payroll Liabilities,,,,,,,,,,,,,-2290.55,,,,,,,,,,-29.0,,,,,,,,-224.77,,,,,,,,,,,,,,,-534.16,,,,,,,,,,,,,,,,,,,,,,,,,,,,,-2012.8,,,,,,,,,,,,,,,,,,,,,,,,,-113.33,,,,-980.71,,,,,,,,,,-25.29,,,,,,,,,,,,,,,,,,,,,,-755.04,,,,,,,,,,,,,,,,,,,,,,,,,,,,,,,-1426.69,,,,,,,,,,,,,,,,,,,,,-108.5,,,,,,,-672.15,,,,,,-10.0,,,,,,,,,,,,,,,,,,,,,,,,,,,-1502.5,,,,,,,,,,,,,,,,,,,,,,,,,,,,,,-2153.2,,,,,,,,,,,,,,,,,,,,,,,,,,,,-739.63,,,,,,,,,,-32.5,,,,,,,,,,,,,,,,,,,,,,,,-1469.01,,,,,-19.5,,,,,,,,,,,,,,,,,,,,,,,,-2132.23,,,,,,,,,,,,,,,,,,
      Payroll Liabilities:CO Income Tax,,,,,,,,,,,,68.0,,,,,,,-470.0,,,,,,,,,,,,,68.0,,,,,,,,,,,,,,91.0,,,,,,,,,,,,,,,68.0,,,,,,,,,,,,,,138.0,,,,,,,,,,,,,,,,,136.0,,,,,,,,,,,,,,66.0,77.0,,-361.0,,,,,,,,,,,,,151.0,,,,,,,,,,,,,,66.0,87.0,,,,,,,,,,,,,,,155.0,,,,,,,,,,,,,,187.0,,,,,,,,,,,,,,,,,199.0,,,,,,,,,,,,,,66.0,129.0,,,-403.0,,,,,,,,,,,,,210.0,,,,,,,,,,,,,,66.0,152.0,,,,,,,,,,,,,,186.0,,,,,,,,,,,,,,66.0,,,147.0,,,,,,,,,,,,,,,207.0,,,,,,,,,,,,,,204.0,,,,,,-409.0,,,,,,,,,,,223.0,,,,,,,,,,,,,,285.0,,,,,,,,,,,,,,132.0,,,,,,,,,,,,,,132.0,,,,,,,,,,,,,,,,,,132.0,
      Payroll Liabilities:CO Local Tax,,,,,,,,,,,,9.75,,,,,,,,,,,,,,,,,,,,9.75,,,,,,,,,,,,,,5.75,,,,,,,,,,,,,,,9.75,,,,,,,,,,,,,,0.0,,,,,,,,,,,,,,,,,17.75,,,,,,,,,,,,,,0.0,,,,,,,,,,,,,,,,17.75,,,,,,,,,,,,,,0.0,4.0,,,,,,,,,,,,,,,4.0,,,,,,,,,,,,,,25.75,,,,,,,,,,,,,,,,,25.75,,,,,,,,,,,,,,0.0,,,,,,,,,,,,,,,,,25.75,,,,,,,,,,,,,,0.0,4.0,,,,,,,,,,,,,,4.0,,,,,,,,,,,,,,9.75,,,16.0,,,,,,,,,,,,,,,25.75,,,,,,,,,,,,,,0.0,,,,,,,,,,,,,,,,,25.75,,,,,,,,,,,,,,0.0,,,,,,,,,,,,,,0.0,,,,,,,,,,,,,,9.75,,,,,,,,,,,,,,,,,,0.0,
      Payroll Liabilities:CO Paid Family and Medical Leave,,,,,,,,,,,,7.88,,,,,,,-58.28,,,,,,,,,,,,,7.88,,,,,,,,,,,,,,12.13,,,,,,,,,,,,,,,7.88,,,,,,,,,,,,,,16.93,,,,,,,,,,,,,,,,,17.68,,,,,,,,,,,,,,6.75,10.6,,-42.52,,,,,,,,,,,,,19.2,,,,,,,,,,,,,,8.56,12.21,,,,,,,,,,,,,,,19.3,,,,,,,,,,,,,,25.38,,,,,,,,,,,,,,,,,26.86,,,,,,,,,,,,,,6.75,18.51,,,-44.01,,,,,,,,,,,,,27.46,,,,,,,,,,,,,,6.75,20.3,,,,,,,,,,,,,,25.76,,,,,,,,,,,,,,6.75,,,19.99,,,,,,,,,,,,,,,25.96,,,,,,,,,,,,,,25.99,,,,,,-43.68,,,,,,,,,,,27.42,,,,,,,,,,,,,,32.02,,,,,,,,,,,,,,14.7,,,,,,,,,,,,,,13.5,,,,,,,,,,,,,,,,,,13.5,
      Payroll Liabilities:CO Unemployment Tax,,,,,,,,,,,,15.94,,,,,,,,,,,-35.99,,,,,,,,,15.95,,,,,,,,,,,,,,24.74,,,,,,,,,,,,,,,16.31,,,,,,,,,,,,,,54.41,,,,,,,,,,,,,,,,,52.02,,,,,,,,,,,,,,14.1,39.49,,-88.84,,,,,,,,,,,,,60.45,,,,,,,,,,,,,,17.89,45.44,,,,,,,,,,,,,,,60.79,,,,,,,,,,,,,,83.44,,,,,,,,,,,,,,,,,88.99,,,,,,,,,,,,,,14.1,68.94,,,-91.94,,,,,,,,,,,,,91.19,,,,,,,,,,,,,,14.1,75.55,,,,,,,,,,,,,,77.77,,,,,,,,,,,,,,0.0,,,74.42,,,,,,,,,,,,,,,71.51,,,,,,,,,,,,,,71.61,,,,,,-75.27,,,,,,,,,,,76.97,,,,,,,,,,,,,,68.89,,,,,,,,,,,,,,2.51,,,,,,,,,,,,,,0.0,,,,,,,,,,,,,,,,,,0.0,
      Payroll Liabilities:Federal Taxes (941/943/944),,,,,,,,,,,,332.21,,,,-1210.76,,,,,,,,,,,,,,,,332.25,,,,,,,,,,,,,,144.14,,,,,,,,,,,,,,,332.25,,,,,,,,,,,,,,-147.73,,,,,,,,,,,,,,,,,733.64,,,,,,,,,,,,,,-332.25,372.89,,,,,,,,,,,,,,,733.17,,,,,,,,,,,,,,-289.83,462.89,,,,,,,,,,,,,,,817.97,,,,,,,,,,,,,,965.82,,,-942.67,,,,,,,,,,,,,,1080.07,,,,,,,,,,,,,,0.0,716.1,,,,,,,,,,,,,,,,1092.37,,,,,,,,,,,,,,-293.67,756.21,,,,,,,,,,,,,,1000.2,,,,,,,,,,,,,,293.67,,,-249.62,,,,,,,,,,,,,,,1058.66,,,,,,,,,,,,,,704.02,,,,,,,,,,,,,,,,,1092.26,,,,,,,,,,,,,,770.51,,,,,,,,,,,,,,628.12,,,,,,,,,,,,,,587.34,,,-1509.13,,,,,,,,,,,,,,,587.34,
      Payroll Liabilities:Federal Unemployment (940),,,,,,,,,,,,10.51,,,,,,,,,,,,,,,,,,,-99.12,10.51,,,,,,,,,,,,,,16.17,,,,,,,,,,,,,,,10.51,,,,,,,,,,,,,,19.57,,,,,,,,,,,,,,,,,14.58,,,,,,,,,,,,,,0.0,14.15,,,,,,,,,,,,,,,9.15,,,,,,,,,,,,,,2.41,6.99,,,,,,,,,,,,,,,3.02,,,,,,,,,,,,,,16.21,,,,,,,,,,,,,,,,,15.85,,,,,,,,,,,,,,0.0,14.83,,,,,,,,,,,,,,,,15.36,,,,,,,,,,,,,,0.0,15.56,,,,,,,,,,,,,,13.1,,,,,,,,,,,,,,0.0,,,9.62,,,,,,,,,,,,,,,12.4,,,,,,,,,,,,,,9.26,,,,,,,,,,,,,,,,,11.34,,,,,,,,,,,,,,15.32,,,,,,,,,,,,,,1.6,,,,,,,,,,,,,,0.0,,,,,,,,,,,,,,,,,,0.0,
      Sales tax payable,,,-24.0,,,,,-52.0,,,,,-3181.55,,,,,-861.78,,-1341.42,,-172.05,-3175.4,-1099.21,,,,,,,1464.4,-2507.64,,,,,,,,,,,,,,,-3002.58,,,,,-203.79,-1191.48,,,,,,,2695.87,-2835.88,,,,,,,,,,,,,,,,,,,-2001.01,,,-664.22,,,,,,,,2029.2,,,,,,,,,,,,-28.0,,,,,-851.46,,,,,,-120.97,-1879.47,,,,,,2209.57,,,,,,,,,,,,,,,,,,,,,,-2167.02,,,,,,,,,2756.95,,,,,,,,,,,,,,,,,,,,,-1708.0,-1130.68,,,,,,,,2838.16,,,,,,,,,-52.0,,,,,,-40.0,,,-879.35,,-1.12,,,,-1605.28,-1175.71,,,,,,2232.02,,,,,,,,,,,,,,,,,,,,,-1409.47,-912.38,,,,,,,,,1915.61,,,,,,,,,,,,,,,,,,,,,-1088.92,,,-780.68,,,,,,2224.65,,,,,,,,,,,,,,,-56.0,,,-1357.24,,,,-1.74,-2239.0,,,,,,,,2905.1,,,,,,,,,,,,,,,,,,,,,-1643.38,-1191.51,,,,,,,,2263.93,,,,,,,,,,,,,,,,,,,,,-1205.03,,,-870.46,,,,,,,3593.35,
      Shopify Loan,,,,,,,,,,,,,,,,,,,,,,,,,,,,,,,,,,,,,,,,,,,,,,,,,,,,,,,,,,,,,,,,,,,,,,,,,,,,,,,,,,,,,,,,,,,,,,,,,,,,,,,,,,,,,,,,,,,,,,38880.0,,,,-76.35,-79.63,-193.85,-152.73,,,-118.63,-496.93,-105.0,-197.24,,,-60.91,-161.42,-633.3,-165.62,-50.41,,,-119.87,-111.94,-305.51,-80.98,-54.45,,,,-87.41,-152.78,-473.86,-161.73,,,-106.1,-87.3,-885.23,-244.8,-30.08,,,-86.98,-240.58,-326.83,-115.36,-108.81,,,-86.12,,-121.64,-331.46,-70.97,,,-241.11,-348.0,-271.52,-210.64,-106.95,,,-122.01,-158.38,-330.69,,-59.76,,,-72.93,-170.23,-509.37,-87.85,-50.57,,,-40.07,-160.3,-392.48,-27.37,-241.14,,,-33.07,-305.48,-255.91,-62.25,-63.45,,,-183.15,-115.83,-295.04,-82.96,-91.23,,,-149.36,-130.4,-173.9,-41.51,-38.63,,,-64.71,-58.35,-382.27,-17.09,-17.73,,,-69.64,-66.9,-123.95,-99.52,-124.54,,,-119.19,-212.04,-476.52,,-41.51,,,,-89.13,-131.62,-435.67,-55.92,,,-56.29,-86.87,-377.54,-63.18,-79.93,,,-224.67,-64.34,-397.26,-57.38,-149.05,,,-135.49,-134.33,-284.69,-54.27,-171.56,,,-156.16,-170.11,-374.4,-218.86,-310.96,,,-122.44,-109.88,-429.97,-75.56,-81.72,,,,-209.77,-166.52,-1025.68,-110.96,,,-97.06,-143.23,-317.33,-42.13,-88.67,,,-137.5,-24.84,-255.76,-121.9,-139.43,,,-191.68,-209.33,-308.45,-42.36,-76.45,,,,-73.21,-108.6,-434.14,-113.75,,,-66.36,48457.75,-586.48,-59.63,-216.57,,,-94.81,-51.37,-319.49,,-106.29,,,-171.66,-112.68,-642.62,-185.65,-114.12,,,-26.32,-153.62,-430.27,-161.77,-329.43,,,-222.5,-149.81,-838.49,-134.07,-101.19,,,-213.73,-277.44,,-883.05,-150.54,,,-16.42,-79.25,
   Total Adjustments to reconcile Net Income to Net Cash provided by operations:,1306.95,-717.28,3984.68,-6472.85,903.46,250.34,521.84,-195.87,1493.57,2770.83,995.32,7028.75,-3907.49,507.36,274.92,-1980.21,5013.09,-85.5999999999999,696.47,-1341.42,215.64,-7138.09,-489.93,-672.06,462.92,897.94,253.71,87.31,7680.62,2977.78,-505.77,-858.97,1789.29,1845.5,410.12,-3505.55,2384.7,-3788.13,1848.46,1076.9,78.73,954.82,3131.47,1593.59,1530.79,1631.9,-1158.93,1201.83,354.5,773.95,836.06,-5960.44,-64.48,1506.23,62.72,61.42,8438.36,7314.76,1659.11,-29950.34,1268.74,34.1,588.46,-3821.46,6722.04,829.59,4227.81,3099.74,522.23,450.81,1914.04,3660.01,-234.51,1685.97,1156.13,680.8,691.62,606.18,5190.09,-357.42,1190.45,812.64,-664.22,62.09,-12601.7,2046.67,4795.31,1294.38,831.88,0.0,-26393.84,5824.7,2065.1,1045.24,-693.9,811.8,231.02,-2270.45,2582.63,3573.74,652.57,3188.55,510.2,-820.7,458.22,3454.0,7245.63,922.59,1774.08,924.72,550.84,657.99,645.98,3415.79,-744.92,2098.35,1082.89,39144.88,0.0,-17110.08,-25443.34,1989.94,3343.69,971.37,19.41,-1453.23,1919.22,2990.88,1652.95,1494.34,3470.96,94.86,34.0,1689.0,7520.38,-22.18,2394.53,839.21,0.0,803.78,-13712.43,2808.7,-837.39,722.88,488.15,1814.52,227.61,265.5,1443.1,5843.73,1853.47,-34886.79,492.68,277.59,1287.73,2744.89,3883.14,4546.66,-2446.02,228.39,260.2,1247.55,4386.06,2634.45,569.93,2308.23,-1109.7,60.51,-973.47,3893.03,905.15,-18324.96,717.51,-1116.01,174.75,544.16,7458.6,214.74,2845.44,2067.07,863.1,-32925.45,3884.7,6787.88,503.19,-672.18,449.34,10.39,-1593.22,1093.85,6685.79,2197.06,2045.85,3113.64,-1889.77,1141.19,594.01,5892.34,114.89,776.04,1873.53,467.52,0.0,-17916.46,6278.5,-1329.95,-604.34,823.52,64.82,0.0,4338.79,6245.24,-25000.41,3114.28,3697.38,203.57,-2547.58,1986.87,2511.23,-2039.8,555.97,2127.44,0.0,122.01,3473.09,2223.24,2132.53,-1583.56,1899.48,-18.15,855.28,4595.86,-12605.89,-621.9,-41.9599999999999,1089.7,11.95,730.95,1724.81,8922.86,2312.95,4509.15,3462.49,-34067.43,600.78,121.25,917.86,99.9400000000002,312.48,738.98,-1201.77,168.75,1208.46,5031.27,808.67,1651.07,117.83,-2153.2,0.0,1811.65,4589.07,994.15,491.15,1512.77,-535.12,1847.12,1229.33,2856.56,-17644.77,5955.83,4490.06,0.0,94.61,-21762.83,9480.57,5310.22,2222.65,1367.8,84.45,0.0,-2203.47,7270.05,3578.79,812.85,920.41,1080.57,81.46,1761.73,7381.6,9421.65,3006.47,-66.9299999999998,966.5,0.0,-15347.95,4252.33,-2150.85,370.7,875.02,0.0,19.99,4698.35,2047.26,2989.24,-52996.03,6881.64,472.17,44.34,4733.55,6308.9,645.64,-2583.28,1178.06,230.58,0.0,1403.52,1202.2,2400.95,1711.95,1588.18,53.99,414.53,3612.75,53352.37,-31253.46,-1140.41,774.17,436.34,2.09,852.53,5518.86,3297.87,214.63,2047.51,-36511.98,-59.6300000000001,1865.79,4959.89,2597.84,2810.5,3450.94,-2104.68,248.52,1306.38,4430.34,1219.88,2250.93,3156.61,-750.51,191.36,627.21,8367.84,679.88,2334.24,-24473.66,-1205.03,47.07,2250.06,6366.79,0.0,2960.34,4915.17,267.06,94.61,4390.23,-46570.81,
Net cash provided by operating activities,-39.0,-962.13,3922.18,-7777.08,-4937.29,940.0,0.0,2266.52,2147.06,1498.4,66.9200000000001,-1102.16,-7419.95,0.0,0.0,-1825.11,4481.09,46.6000000000001,-1159.98,-1741.42,0.0,-8224.67,-520.11,-674.15,405.48,624.96,-298.32,0.0,414.670000000001,3287.8,217.65,-1674.29,1140.38,0.0,0.0,-3604.35,1989.03,-4131.64,981.37,419.23,-207.54,0.0,5235.57,4670.4,407.31,-1591.56,-2234.05,-653.0,242.52,29.88,780.56,-5877.09,-713.56,490.9,0.0,0.0,2699.39,-1233.85,1488.66,333.169999999998,-2001.98,0.0,0.0,-5892.75,7981.34,1614.77,-2326.4,2868.38,0.0,0.0,-237.02,3645.01,353.86,560.25,-3000.12,0.0,0.0,830.05,3437.19,-546.87,-1139.24,1419.29,-664.22,0.0,-12294.2,2028.67,-302.759999999999,362.87,707.28,0.0,0.0,-960.329999999999,397.67,2126.67,-842.55,800.43,-15.27,-2270.45,2467.82,2613.0,-4789.42,1265.69,913.7,-1859.18,0.0,1729.89,4168.61,608.72,1326.59,393.87,431.7,-7.48000000000002,1234.29,3349.6,-1035.85,447.13,971.89,35573.21,0.0,-20153.82,2667.35,-3444.13,582.35,2745.68,-15.59,-1657.35,-3663.38,2750.19,-2134.48,854.62,1979.11,0.0,0.0,-576.14,6851.03,-3002.11,-817.37,430.21,-1145.41,-30.0,-14201.56,4057.62,-1378.79,708.57,476.06,-5584.64,169.2,0.0,2835.01,4420.7,767.15,-974.070000000007,613.0,0.0,-823.4,2378.04,7003.2,2792.85,-3502.13,0.0,0.0,3191.38,3790.77,-2394.23,-148.93,-3927.79,-1426.69,0.0,3050.07,4056.38,-804.64,-18167.25,236.12,-1530.68,0.0,2158.35,5193.81,994.22,1400.2,818.83,0.0,0.0,-4040.69,-1015.23,1753.01,-1094.72,472.74,-108.5,-1815.21,6676.15,5771.96,614.98,768.37,231.21,-2120.79,0.0,-1252.32,980.52,-22.3,-639.85,1482.33,-401.12,0.0,-16867.85,4747.51,-1554.25,-631.02,482.02,-436.12,0.0,1602.23,4134.45,206.369999999999,-4560.9,2081.86,0.0,-2879.08,3364.95,2244.49,-2982.11,363.18,337.43,-265.75,0.0,2275.84,1775.11,177.2,-2383.87,-2928.97,286.76,37.9599999999999,6574.54,-10896.39,673.74,1693.48,4392.84,2299.48,895.04,3840.18,8534.04,-1901.61,1138.02,-2863.32,2486.25,1096.87,220.85,2597.46,4713.07,3674.4,1888.15,-215.7,805.24,6524.1,7284.58,3884.74,4043.24,1056.73,-646.98,1467.92,184.57,7636.76,2166.08,2707.24,3530.87,-1447.17,907.36,3002.12,7043.32,-15374.25,2761.28,4936.24,1821.96,489.94,4128.12,4701.12,5860.53,6839.14,6248.31,2644.99,817.5,-1246.1,11825.23,1691.15,3515.05,-177.47,3031.87,2448.01,1528.37,2661.37,19814.57,4387.09,2270.32,1349.8,687.39,-13371.18,8105.88,-1115.35,2154.31,2438.98,574.68,609.11,3281.97,4566.74,3093.18,4144.06,-7159.59,2741.98,178.05,10471.39,13171.4,336.72,-3938.44,2392.46,790.13,1289.17,708.45,3781.07,10822.82,3184.28,-3526.37,891.94,3091.65,5549.43,53033.95,-27131.04,453.99,3378.56,1667.51,639.26,3773.24,7176.36,-3477.02,0.0,-1881.48,1788.43000000001,1561.95,9989.35,11270.1,4573.79,4051.72,3822.6,-1916.63,1071.42,-3157.32,14193.15,5513.39,5914.51,4838.71,1314.01,3273.76,6125.38,19506.31,2777.65,4210.93,-17061.26,132.84,2581.51,7466.96,15027.53,98.14,6314.86,4250.9,1675.16,1319.64,3358.87,5838.51,
INVESTING ACTIVITIES,,,,,,,,,,,,,,,,,,,,,,,,,,,,,,,,,,,,,,,,,,,,,,,,,,,,,,,,,,,,,,,,,,,,,,,,,,,,,,,,,,,,,,,,,,,,,,,,,,,,,,,,,,,,,,,,,,,,,,,,,,,,,,,,,,,,,,,,,,,,,,,,,,,,,,,,,,,,,,,,,,,,,,,,,,,,,,,,,,,,,,,,,,,,,,,,,,,,,,,,,,,,,,,,,,,,,,,,,,,,,,,,,,,,,,,,,,,,,,,,,,,,,,,,,,,,,,,,,,,,,,,,,,,,,,,,,,,,,,,,,,,,,,,,,,,,,,,,,,,,,,,,,,,,,,,,,,,,,,,,,,,,,,,,,,,,,,,,,,,,,,,,,,,,,,,,,,,,,,,,,,,,,,,
   LH Imprv - G3 BG,,,,,,,,,,,,,,,,,,,,,,,,,,,,,,,,,,,,,,,,,,,,,,,,,,,,,,,,,,,,,,,,,,,,,,,,,,,,,,,,,,,,,,,,,,,,,,,,,,,,,,,,,,,,,,,,,,,,,,,,,,,,,,,,,,,,,,,,,,,,,,,,,,,,,,,,,,,,,,,,,,,,,,,,,,,,,,,,,,,,,,,,,,,,,,,,,,,,,,,,,,,,,,,,,,,,,,,,,,,,,,,,,,,,,,,,,,,,,,,,,,,,,,,,,,,,,,,,,,,,,,,,,,,,,,,,,,,,,,,,,,,,,,,,,,,,,,,,,,,,,,,,,,,,,,,,,,,,,,,,,,,,,,,,,,,,,,,,,,,,,,,,,,,,,,,,,,,,,,,,,,,,,,979.19,
Net cash provided by investing activities,0.0,0.0,0.0,0.0,0.0,0.0,0.0,0.0,0.0,0.0,0.0,0.0,0.0,0.0,0.0,0.0,0.0,0.0,0.0,0.0,0.0,0.0,0.0,0.0,0.0,0.0,0.0,0.0,0.0,0.0,0.0,0.0,0.0,0.0,0.0,0.0,0.0,0.0,0.0,0.0,0.0,0.0,0.0,0.0,0.0,0.0,0.0,0.0,0.0,0.0,0.0,0.0,0.0,0.0,0.0,0.0,0.0,0.0,0.0,0.0,0.0,0.0,0.0,0.0,0.0,0.0,0.0,0.0,0.0,0.0,0.0,0.0,0.0,0.0,0.0,0.0,0.0,0.0,0.0,0.0,0.0,0.0,0.0,0.0,0.0,0.0,0.0,0.0,0.0,0.0,0.0,0.0,0.0,0.0,0.0,0.0,0.0,0.0,0.0,0.0,0.0,0.0,0.0,0.0,0.0,0.0,0.0,0.0,0.0,0.0,0.0,0.0,0.0,0.0,0.0,0.0,0.0,0.0,0.0,0.0,0.0,0.0,0.0,0.0,0.0,0.0,0.0,0.0,0.0,0.0,0.0,0.0,0.0,0.0,0.0,0.0,0.0,0.0,0.0,0.0,0.0,0.0,0.0,0.0,0.0,0.0,0.0,0.0,0.0,0.0,0.0,0.0,0.0,0.0,0.0,0.0,0.0,0.0,0.0,0.0,0.0,0.0,0.0,0.0,0.0,0.0,0.0,0.0,0.0,0.0,0.0,0.0,0.0,0.0,0.0,0.0,0.0,0.0,0.0,0.0,0.0,0.0,0.0,0.0,0.0,0.0,0.0,0.0,0.0,0.0,0.0,0.0,0.0,0.0,0.0,0.0,0.0,0.0,0.0,0.0,0.0,0.0,0.0,0.0,0.0,0.0,0.0,0.0,0.0,0.0,0.0,0.0,0.0,0.0,0.0,0.0,0.0,0.0,0.0,0.0,0.0,0.0,0.0,0.0,0.0,0.0,0.0,0.0,0.0,0.0,0.0,0.0,0.0,0.0,0.0,0.0,0.0,0.0,0.0,0.0,0.0,0.0,0.0,0.0,0.0,0.0,0.0,0.0,0.0,0.0,0.0,0.0,0.0,0.0,0.0,0.0,0.0,0.0,0.0,0.0,0.0,0.0,0.0,0.0,0.0,0.0,0.0,0.0,0.0,0.0,0.0,0.0,0.0,0.0,0.0,0.0,0.0,0.0,0.0,0.0,0.0,0.0,0.0,0.0,0.0,0.0,0.0,0.0,0.0,0.0,0.0,0.0,0.0,0.0,0.0,0.0,0.0,0.0,0.0,0.0,0.0,0.0,0.0,0.0,0.0,0.0,0.0,0.0,0.0,0.0,0.0,0.0,0.0,0.0,0.0,0.0,0.0,0.0,0.0,0.0,0.0,0.0,0.0,0.0,0.0,0.0,0.0,0.0,0.0,0.0,0.0,0.0,0.0,0.0,0.0,0.0,0.0,0.0,0.0,0.0,0.0,0.0,0.0,0.0,0.0,0.0,0.0,0.0,0.0,0.0,0.0,0.0,0.0,0.0,0.0,0.0,0.0,0.0,0.0,0.0,0.0,0.0,0.0,0.0,0.0,979.19,
FINANCING ACTIVITIES,,,,,,,,,,,,,,,,,,,,,,,,,,,,,,,,,,,,,,,,,,,,,,,,,,,,,,,,,,,,,,,,,,,,,,,,,,,,,,,,,,,,,,,,,,,,,,,,,,,,,,,,,,,,,,,,,,,,,,,,,,,,,,,,,,,,,,,,,,,,,,,,,,,,,,,,,,,,,,,,,,,,,,,,,,,,,,,,,,,,,,,,,,,,,,,,,,,,,,,,,,,,,,,,,,,,,,,,,,,,,,,,,,,,,,,,,,,,,,,,,,,,,,,,,,,,,,,,,,,,,,,,,,,,,,,,,,,,,,,,,,,,,,,,,,,,,,,,,,,,,,,,,,,,,,,,,,,,,,,,,,,,,,,,,,,,,,,,,,,,,,,,,,,,,,,,,,,,,,,,,,,,,,,
   Loan Payable - EIDL,,,,,,,,,,,,,,,,,,,,,,,,,,,,,,,,,,,,,,,,,,,,,,,,,,,,,,,,,,,,,,,,,,,,,,,,,,,,,,,,,,,,,,,,,,,,,,,,,,,,,,,,,,,,,,,,,,,,,,,,,,,,,,,,,,,,,,,,,,,,,,,,,,,,,,,,,,,,,,,,,,,,,,,,,,,,,,,,,,,,,,,,,,,,,,,,,,,,,,,,,,,,,,,,,,,,,,,,,,,,,,,,,,,,,,,,,,,,,,,,,,,,,,,,,,,,,,,,,,,,,,,,,,,,,,,,,,,,,,,,,,,,,,,,,,,,,,,,,,,,,,,,,,,,,,,,,,,,,,,,,,,,,,,,,,,,,,,,,,,,,,,,,,,,,,,,,,,,,,,,,,,,,,0.0,
   N/P - Space Age Credit Union,,,,,,,,,,,,,,,,,,-500.0,,,,,,,,,,,,,,,,,,,,,,,,,,,,-500.0,,-302.41,,,,,,,,,,,,,,,,,,,,,,,,,,,,,,,,,,,,,,,,,,,,,,,,,,,,,,,,,,,,,,,,,,,,,,,,,,,,,,,,,,,,,,,,,,,,,,,,,,,,,,,,,,,,,,,,,,,,,,,,,,,,,,,,,,,,,,,,,,,,,,,,,,,,,,,,,,,,,,,,,,,,,,,,,,,,,,,,,,,,,,,,,,,,,,,,,,,,,,,,,,,,,,,,,,,,,,,,,,,,,,,,,,,,,,,,,,,,,,,,,,,,,,,,,,,,,,,,,,,,,,,,,,,,,,,,,,,,,,,,,,,,,,,,,,,,,,,,,,,,,,,,,,,,,,,,,,,,,,,
   Equity Recon Adjustment,,,,,,,,,,,,,,,,,,,,,,,,,,,,,,,,,,,,,,,,,,,,,,,,,,,,,,,,,,,,,,,,,,,,,,,,,,,,,,,,,,,,,,,,,,,,,,,,,,,,,,,,,,,,,,,,,,,,,,,,,,,,,,,,,,,,,,,,,,,,,,,,,,,,,,,,,,,,,,,,,,,,,,,,,,,,,,,,,,,,,,,,,,,,,,,,,,,,,,,,,,,,,,,,,,,,,,,,,,,,,,,,,,,,,,,,,,,,,,,,,,,,,,,,,,,,,,,,,,,,,,,,,,,,,,,,,,,,,,,,,,,,,,,,,,,,,,,,,,,,,,,,,,,,,,,,,,,,,,,,,,,,,,,,,,,,,,,,,,,,,,,,,,,,,,,,,,,,,,,,,,,,,,-493.67,
   Owner Distributions,,,,-1000.0,,,,,,-54.96,-41.36,,,,,,,,,,,,,,,,,,,,,,,,,-1500.0,,,,-1000.0,-54.96,,-41.36,,,,,,,-59.88,,,,,,,,,,,-55.25,,,,,,,,,,-96.32,,-285.0,,,,,,-243.0,,,-68.28,,,-50.0,,,,,,,,,,,,,,,,-260.24,-41.36,,,,,,,,,,,,,,-33.0,-54.0,-11.84,,,,,,,-137.14,,,,,,-60.34,-41.36,,,,,,,,,,,,,-100.0,,-169.2,,,-272.48,,,,,,,,-1500.0,,,,-60.34,-41.36,,-138.0,,,,,,,,,,,,,,,,,,,,,,,,,,,-60.34,-41.36,,76.0,,,,,,,-121.0,,-192.49,,,,,,,,,,,,,,,,,,,-60.34,,-41.36,,,,,,,-350.73,-97.0,,,,,,,,,-136.8,,,,,,-1050.0,,,-1000.0,,-344.1,-60.34,-41.36,,-337.25,-2000.0,,,,,,,,,,,,-750.0,,,,,,,,,,,,,,-60.34,-129.36,-265.0,,,-80.0,,-1139.2,,,,,,,,-174.58,,-50.0,-298.4,,,,80.0,,,-1582.18,,,-274.75,,,,,-101.7,-60.0,-143.75,-932.0,,,,,-405.95,,-59.28,,,,,,,-344.3,-16.6,,,,,,-63.0,,,-363.59,-60.34,-41.36,-468.0,,-156.25,,,-27.36,,,,,,,,,,,,,,,
   Retained Earnings,13535.04,,,,,,,,,,,,,,,,,,,,,,,,,,,,,,,,,,,,,,,,,,,,,,,,,,,,,,,,,,,,,,,,,,,,,,,,,,,,,,,,,,,,,,,,,,,,,,,,,,,,,,,,,,,,,,,,,,,,,,,,,,,,,,,,,,,,,,,,,,,,,,,,,,,,,,,,,,,,,,,,,,,,,,,,,,,,,,,,,,,,,,,,,,,,,,,,,,,,,,,,,,,,,,,,,,,,,,,,,,,,,,,,,,,,,,,,,,,,,,,,,,,,,,,,,,,,,,,,,,,,,,,,,,,,,,,,,,,,,,,,,,,,,,,,,,,,,,,,,,,,,,,,,,,,,,,,,,,,,,,,,,,,,,,,,,,,,,,,,,,,,,,,,,,,,,,,,,,,,,,,,,,,,,
Net cash provided by financing activities,13535.04,0.0,0.0,-1000.0,0.0,0.0,0.0,0.0,0.0,-54.96,-41.36,0.0,0.0,0.0,0.0,0.0,0.0,-500.0,0.0,0.0,0.0,0.0,0.0,0.0,0.0,0.0,0.0,0.0,0.0,0.0,0.0,0.0,0.0,0.0,0.0,-1500.0,0.0,0.0,0.0,-1000.0,-54.96,0.0,-41.36,0.0,0.0,-500.0,0.0,-302.41,0.0,-59.88,0.0,0.0,0.0,0.0,0.0,0.0,0.0,0.0,0.0,0.0,-55.25,0.0,0.0,0.0,0.0,0.0,0.0,0.0,0.0,0.0,-96.32,0.0,-285.0,0.0,0.0,0.0,0.0,0.0,-243.0,0.0,0.0,-68.28,0.0,0.0,-50.0,0.0,0.0,0.0,0.0,0.0,0.0,0.0,0.0,0.0,0.0,0.0,0.0,0.0,0.0,0.0,-260.24,-41.36,0.0,0.0,0.0,0.0,0.0,0.0,0.0,0.0,0.0,0.0,0.0,0.0,0.0,-33.0,-54.0,-11.84,0.0,0.0,0.0,0.0,0.0,0.0,-137.14,0.0,0.0,0.0,0.0,0.0,-60.34,-41.36,0.0,0.0,0.0,0.0,0.0,0.0,0.0,0.0,0.0,0.0,0.0,0.0,-100.0,0.0,-169.2,0.0,0.0,-272.48,0.0,0.0,0.0,0.0,0.0,0.0,0.0,-1500.0,0.0,0.0,0.0,-60.34,-41.36,0.0,-138.0,0.0,0.0,0.0,0.0,0.0,0.0,0.0,0.0,0.0,0.0,0.0,0.0,0.0,0.0,0.0,0.0,0.0,0.0,0.0,0.0,0.0,0.0,0.0,0.0,0.0,0.0,-60.34,-41.36,0.0,76.0,0.0,0.0,0.0,0.0,0.0,0.0,-121.0,0.0,-192.49,0.0,0.0,0.0,0.0,0.0,0.0,0.0,0.0,0.0,0.0,0.0,0.0,0.0,0.0,0.0,0.0,0.0,0.0,-60.34,0.0,-41.36,0.0,0.0,0.0,0.0,0.0,0.0,-350.73,-97.0,0.0,0.0,0.0,0.0,0.0,0.0,0.0,0.0,-136.8,0.0,0.0,0.0,0.0,0.0,-1050.0,0.0,0.0,-1000.0,0.0,-344.1,-60.34,-41.36,0.0,-337.25,-2000.0,0.0,0.0,0.0,0.0,0.0,0.0,0.0,0.0,0.0,0.0,0.0,-750.0,0.0,0.0,0.0,0.0,0.0,0.0,0.0,0.0,0.0,0.0,0.0,0.0,0.0,-60.34,-129.36,-265.0,0.0,0.0,-80.0,0.0,-1139.2,0.0,0.0,0.0,0.0,0.0,0.0,0.0,-174.58,0.0,-50.0,-298.4,0.0,0.0,0.0,80.0,0.0,0.0,-1582.18,0.0,0.0,-274.75,0.0,0.0,0.0,0.0,-101.7,-60.0,-143.75,-932.0,0.0,0.0,0.0,0.0,-405.95,0.0,-59.28,0.0,0.0,0.0,0.0,0.0,0.0,-344.3,-16.6,0.0,0.0,0.0,0.0,0.0,-63.0,0.0,0.0,-363.59,-60.34,-41.36,-468.0,0.0,-156.25,0.0,0.0,-27.36,0.0,0.0,0.0,0.0,0.0,0.0,0.0,0.0,0.0,0.0,0.0,0.0,0.0,-493.67,
Net cash increase for period,13496.04,-962.13,3922.18,-8777.08,-4937.29,940.0,0.0,2266.52,2147.06,1443.44,25.5600000000001,-1102.16,-7419.95,0.0,0.0,-1825.11,4481.09,-453.4,-1159.98,-1741.42,0.0,-8224.67,-520.11,-674.15,405.48,624.96,-298.32,0.0,414.670000000001,3287.8,217.65,-1674.29,1140.38,0.0,0.0,-5104.35,1989.03,-4131.64,981.37,-580.77,-262.5,0.0,5194.21,4670.4,407.31,-2091.56,-2234.05,-955.41,242.52,-30.0,780.56,-5877.09,-713.56,490.9,0.0,0.0,2699.39,-1233.85,1488.66,333.169999999998,-2057.23,0.0,0.0,-5892.75,7981.34,1614.77,-2326.4,2868.38,0.0,0.0,-333.34,3645.01,68.86,560.25,-3000.12,0.0,0.0,830.05,3194.19,-546.87,-1139.24,1351.01,-664.22,0.0,-12344.2,2028.67,-302.759999999999,362.87,707.28,0.0,0.0,-960.329999999999,397.67,2126.67,-842.55,800.43,-15.27,-2270.45,2467.82,2613.0,-5049.66,1224.33,913.7,-1859.18,0.0,1729.89,4168.61,608.72,1326.59,393.87,431.7,-7.48000000000002,1234.29,3349.6,-1035.85,414.13,917.89,35561.37,0.0,-20153.82,2667.35,-3444.13,582.35,2745.68,-152.73,-1657.35,-3663.38,2750.19,-2134.48,854.62,1918.77,-41.36,0.0,-576.14,6851.03,-3002.11,-817.37,430.21,-1145.41,-30.0,-14201.56,4057.62,-1378.79,708.57,376.06,-5584.64,0.0,0.0,2835.01,4148.22,767.15,-974.070000000007,613.0,0.0,-823.4,2378.04,7003.2,1292.85,-3502.13,0.0,0.0,3131.04,3749.41,-2394.23,-286.93,-3927.79,-1426.69,0.0,3050.07,4056.38,-804.64,-18167.25,236.12,-1530.68,0.0,2158.35,5193.81,994.22,1400.2,818.83,0.0,0.0,-4040.69,-1015.23,1753.01,-1094.72,472.74,-108.5,-1815.21,6676.15,5771.96,554.64,727.01,231.21,-2044.79,0.0,-1252.32,980.52,-22.3,-639.85,1482.33,-522.12,0.0,-17060.34,4747.51,-1554.25,-631.02,482.02,-436.12,0.0,1602.23,4134.45,206.369999999999,-4560.9,2081.86,0.0,-2879.08,3364.95,2244.49,-2982.11,363.18,337.43,-326.09,0.0,2234.48,1775.11,177.2,-2383.87,-2928.97,286.76,37.9599999999999,6223.81,-10993.39,673.74,1693.48,4392.84,2299.48,895.04,3840.18,8534.04,-1901.61,1001.22,-2863.32,2486.25,1096.87,220.85,2597.46,3663.07,3674.4,1888.15,-1215.7,805.24,6180.0,7224.24,3843.38,4043.24,719.48,-2646.98,1467.92,184.57,7636.76,2166.08,2707.24,3530.87,-1447.17,907.36,3002.12,7043.32,-15374.25,2011.28,4936.24,1821.96,489.94,4128.12,4701.12,5860.53,6839.14,6248.31,2644.99,817.5,-1246.1,11825.23,1691.15,3454.71,-306.83,2766.87,2448.01,1528.37,2581.37,19814.57,3247.89,2270.32,1349.8,687.39,-13371.18,8105.88,-1115.35,2154.31,2264.4,574.68,559.11,2983.57,4566.74,3093.18,4144.06,-7079.59,2741.98,178.05,8889.21,13171.4,336.72,-4213.19,2392.46,790.13,1289.17,708.45,3679.37,10762.82,3040.53,-4458.37,891.94,3091.65,5549.43,53033.95,-27536.99,453.99,3319.28,1667.51,639.26,3773.24,7176.36,-3477.02,0.0,-2225.78,1771.83000000002,1561.95,9989.35,11270.1,4573.79,4051.72,3759.6,-1916.63,1071.42,-3520.91,14132.81,5472.03,5446.51,4838.71,1157.76,3273.76,6125.38,19478.95,2777.65,4210.93,-17061.26,132.84,2581.51,7466.96,15027.53,98.14,6314.86,4250.9,1675.16,1319.64,3358.87,6324.03,
,,,,,,,,,,,,,,,,,,,,,,,,,,,,,,,,,,,,,,,,,,,,,,,,,,,,,,,,,,,,,,,,,,,,,,,,,,,,,,,,,,,,,,,,,,,,,,,,,,,,,,,,,,,,,,,,,,,,,,,,,,,,,,,,,,,,,,,,,,,,,,,,,,,,,,,,,,,,,,,,,,,,,,,,,,,,,,,,,,,,,,,,,,,,,,,,,,,,,,,,,,,,,,,,,,,,,,,,,,,,,,,,,,,,,,,,,,,,,,,,,,,,,,,,,,,,,,,,,,,,,,,,,,,,,,,,,,,,,,,,,,,,,,,,,,,,,,,,,,,,,,,,,,,,,,,,,,,,,,,,,,,,,,,,,,,,,,,,,,,,,,,,,,,,,,,,,,,,,,,,,,,,,,,
,,,,,,,,,,,,,,,,,,,,,,,,,,,,,,,,,,,,,,,,,,,,,,,,,,,,,,,,,,,,,,,,,,,,,,,,,,,,,,,,,,,,,,,,,,,,,,,,,,,,,,,,,,,,,,,,,,,,,,,,,,,,,,,,,,,,,,,,,,,,,,,,,,,,,,,,,,,,,,,,,,,,,,,,,,,,,,,,,,,,,,,,,,,,,,,,,,,,,,,,,,,,,,,,,,,,,,,,,,,,,,,,,,,,,,,,,,,,,,,,,,,,,,,,,,,,,,,,,,,,,,,,,,,,,,,,,,,,,,,,,,,,,,,,,,,,,,,,,,,,,,,,,,,,,,,,,,,,,,,,,,,,,,,,,,,,,,,,,,,,,,,,,,,,,,,,,,,,,,,,,,,,,,,
,,,,,,,,,,,,,,,,,,,,,,,,,,,,,,,,,,,,,,,,,,,,,,,,,,,,,,,,,,,,,,,,,,,,,,,,,,,,,,,,,,,,,,,,,,,,,,,,,,,,,,,,,,,,,,,,,,,,,,,,,,,,,,,,,,,,,,,,,,,,,,,,,,,,,,,,,,,,,,,,,,,,,,,,,,,,,,,,,,,,,,,,,,,,,,,,,,,,,,,,,,,,,,,,,,,,,,,,,,,,,,,,,,,,,,,,,,,,,,,,,,,,,,,,,,,,,,,,,,,,,,,,,,,,,,,,,,,,,,,,,,,,,,,,,,,,,,,,,,,,,,,,,,,,,,,,,,,,,,,,,,,,,,,,,,,,,,,,,,,,,,,,,,,,,,,,,,,,,,,,,,,,,,,
"Thursday, Feb 20, 2025 08:51:57 PM GMT-8",,,,,,,,,,,,,,,,,,,,,,,,,,,,,,,,,,,,,,,,,,,,,,,,,,,,,,,,,,,,,,,,,,,,,,,,,,,,,,,,,,,,,,,,,,,,,,,,,,,,,,,,,,,,,,,,,,,,,,,,,,,,,,,,,,,,,,,,,,,,,,,,,,,,,,,,,,,,,,,,,,,,,,,,,,,,,,,,,,,,,,,,,,,,,,,,,,,,,,,,,,,,,,,,,,,,,,,,,,,,,,,,,,,,,,,,,,,,,,,,,,,,,,,,,,,,,,,,,,,,,,,,,,,,,,,,,,,,,,,,,,,,,,,,,,,,,,,,,,,,,,,,,,,,,,,,,,,,,,,,,,,,,,,,,,,,,,,,,,,,,,,,,,,,,,,,,,,,,,,,,,,,,,,
